{"cameraMode":{"drawMode":0,"name":"Shaded","section":"Shading Mode"},"sceneLighting":false,"audioPlay":false,"sceneViewState":{"m_AlwaysRefresh":false,"showFog":true,"showSkybox":true,"showFlares":true,"showImageEffects":true,"showParticleSystems":true,"showVisualEffectGraphs":true,"m_FxEnabled":true},"in2DMode":false,"pivot":{"x":-14.996023178100586,"y":1.4179534912109376,"z":3.200000047683716},"rotation":{"x":-0.010487696155905724,"y":-0.04557542875409126,"z":0.0004624152497854084,"w":-0.9989139437675476},"size":1.1000581979751588,"orthographic":true}